Id,Name,Category,Code,Created at,Updated at
241,Hatha Yoga Teacher Training,45,JHOL,2025-05-11 13:54:27 UTC,2025-05-11 13:54:27 UTC
208,Vinyasa Yoga Teacher Training,12,YGN,2025-05-11 13:54:27 UTC,2025-05-11 13:54:27 UTC
175,Ashtanga Yoga Teacher Training,8,"",2025-05-11 13:54:27 UTC,2025-05-11 13:54:27 UTC
144,Yin Yoga Teacher Training,12,"",2025-05-11 13:54:27 UTC,2025-05-11 13:54:27 UTC
143,Restorative Yoga Teacher Training,12,MYG,2025-05-11 13:54:27 UTC,2025-05-11 13:54:27 UTC
142,Power Yoga Teacher Training,12,ALG,2025-05-11 13:54:27 UTC,2025-05-11 13:54:27 UTC
110,Prenatal Yoga Teacher Training,12,"",2025-05-11 13:54:27 UTC,2025-05-11 13:54:27 UTC
109,Kids Yoga Teacher Training,12,"",2025-05-11 13:54:27 UTC,2025-05-11 13:54:27 UTC
76,Chair Yoga Teacher Training,8,MDY,2025-05-11 13:54:27 UTC,2025-05-11 13:54:27 UTC
75,Hot Yoga (Bikram) Teacher Training,4,"",2025-05-11 13:54:27 UTC,2025-05-11 13:54:27 UTC
74,Kundalini Yoga Teacher Training,5,"",2025-05-11 13:54:27 UTC,2025-05-11 13:54:27 UTC
73,Iyengar Yoga Teacher Training,11,"",2025-05-11 13:54:27 UTC,2025-05-11 13:54:27 UTC
72,Anusara Yoga Teacher Training,10,"",2025-05-11 13:54:27 UTC,2025-05-11 13:54:27 UTC
71,Jivamukti Yoga Teacher Training,5,"",2025-05-11 13:54:27 UTC,2025-05-11 13:54:27 UTC
70,Sivananda Yoga Teacher Training,9,"",2025-05-11 13:54:27 UTC,2025-05-11 13:54:27 UTC
69,Forrest Yoga Teacher Training,9,"",2025-05-11 13:54:27 UTC,2025-05-11 13:54:27 UTC
68,Baptiste Yoga Teacher Training,9,"",2025-05-11 13:54:27 UTC,2025-05-11 13:54:27 UTC
67,Integral Yoga Teacher Training,9,"",2025-05-11 13:54:27 UTC,2025-05-11 13:54:27 UTC
66,Kripalu Yoga Teacher Training,9,"",2025-05-11 13:54:27 UTC,2025-05-11 13:54:27 UTC
65,Bikram Yoga Teacher Training,7,"",2025-05-11 13:54:27 UTC,2025-05-11 13:54:27 UTC
64,Viniyoga Teacher Training,7,"",2025-05-11 13:54:27 UTC,2025-05-11 13:54:27 UTC
63,ISHTA Yoga Teacher Training,7,"",2025-05-11 13:54:27 UTC,2025-05-11 13:54:27 UTC
62,Ananda Yoga Teacher Training,7,"",2025-05-11 13:54:27 UTC,2025-05-11 13:54:27 UTC
61,Golden Age Yoga Teacher Training,7,"",2025-05-11 13:54:27 UTC,2025-05-11 13:54:27 UTC
60,Accessible Yoga Teacher Training,7,"",2025-05-11 13:54:27 UTC,2025-05-11 13:54:27 UTC
59,Trauma-Informed Yoga Teacher Training,7,"",2025-05-11 13:54:27 UTC,2025-05-11 13:54:27 UTC
58,Yoga Therapy Training,7,"",2025-05-11 13:54:27 UTC,2025-05-11 13:54:27 UTC
57,Yin & Yang Yoga Teacher Training,8,"",2025-05-11 13:54:27 UTC,2025-05-11 13:54:27 UTC
56,Restorative & Yoga Nidra Teacher Training,8,"",2025-05-11 13:54:27 UTC,2025-05-11 13:54:27 UTC
55,Yoga for Athletes Teacher Training,8,"",2025-05-11 13:54:27 UTC,2025-05-11 13:54:27 UTC
54,Yoga for Seniors Teacher Training,8,"",2025-05-11 13:54:27 UTC,2025-05-11 13:54:27 UTC
53,Yoga for Teens Teacher Training,8,"",2025-05-11 13:54:27 UTC,2025-05-11 13:54:27 UTC
52,Yoga for Round Bodies Teacher Training,8,"",2025-05-11 13:54:27 UTC,2025-05-11 13:54:27 UTC
51,Partner Yoga Teacher Training,8,"",2025-05-11 13:54:27 UTC,2025-05-11 13:54:27 UTC
50,Paddleboard (SUP) Yoga Teacher Training,8,"",2025-05-11 13:54:27 UTC,2025-05-11 13:54:27 UTC
49,Aerial Yoga Teacher Training,8,"",2025-05-11 13:54:27 UTC,2025-05-11 13:54:27 UTC
48,Wall Rope Yoga Teacher Training,8,"",2025-05-11 13:54:27 UTC,2025-05-11 13:54:27 UTC
47,Sculpt Yoga Teacher Training,8,"",2025-05-11 13:54:27 UTC,2025-05-11 13:54:27 UTC
46,Buti Yoga Teacher Training,8,"",2025-05-11 13:54:27 UTC,2025-05-11 13:54:27 UTC
45,Bowspring Yoga Teacher Training,8,"",2025-05-11 13:54:27 UTC,2025-05-11 13:54:27 UTC
44,Rocket Yoga Teacher Training,8,"",2025-05-11 13:54:27 UTC,2025-05-11 13:54:27 UTC
43,Pranayama Teacher Training,8,"",2025-05-11 13:54:27 UTC,2025-05-11 13:54:27 UTC
42,Meditation Teacher Training,8,"",2025-05-11 13:54:27 UTC,2025-05-11 13:54:27 UTC
41,Yoga Nidra Teacher Training,8,"",2025-05-11 13:54:27 UTC,2025-05-11 13:54:27 UTC
40,Ayurveda Teacher Training,4,"",2025-05-11 13:54:27 UTC,2025-05-11 13:54:27 UTC
39,Restorative Yoga Teacher Training,4,"",2025-05-11 13:54:27 UTC,2025-05-11 13:54:27 UTC
38,Trauma Informed Yoga Teacher Training,4,"",2025-05-11 13:54:27 UTC,2025-05-11 13:54:27 UTC
37,Adaptive Yoga Teacher Training,4,"",2025-05-11 13:54:27 UTC,2025-05-11 13:54:27 UTC
36,Senior Yoga Teacher Training,4,"",2025-05-11 13:54:27 UTC,2025-05-11 13:54:27 UTC
35,Childrens Yoga Teacher Training,4,"",2025-05-11 13:54:27 UTC,2025-05-11 13:54:27 UTC
34,Special Needs Yoga Teacher Training,4,"",2025-05-11 13:54:27 UTC,2025-05-11 13:54:27 UTC
33,Accessible Yoga Teacher Training,4,"",2025-05-11 13:54:27 UTC,2025-05-11 13:54:27 UTC
32,Curvy Yoga Teacher Training,4,"",2025-05-11 13:54:27 UTC,2025-05-11 13:54:27 UTC
31,Prenatal and Postnatal Yoga Teacher Training,4,"",2025-05-11 13:54:27 UTC,2025-05-11 13:54:27 UTC
30,Yoga for Fertility Teacher Training,4,"",2025-05-11 13:54:27 UTC,2025-05-11 13:54:27 UTC
29,Partner Yoga Teacher Training,4,"",2025-05-11 13:54:27 UTC,2025-05-11 13:54:27 UTC
28,Aerial Yoga Teacher Training,4,"",2025-05-11 13:54:27 UTC,2025-05-11 13:54:27 UTC
27,Wall Rope Yoga Teacher Training,4,"",2025-05-11 13:54:27 UTC,2025-05-11 13:54:27 UTC
26,Chair Yoga Teacher Training,4,"",2025-05-11 13:54:27 UTC,2025-05-11 17:50:33 UTC
25,Sculpt Yoga Teacher Training,4,"",2025-05-11 13:54:27 UTC,2025-05-11 13:54:27 UTC
24,Buti Yoga Teacher Training,4,"",2025-05-11 13:54:27 UTC,2025-05-11 13:54:27 UTC
23,Bowspring Yoga Teacher Training,4,"",2025-05-11 13:54:27 UTC,2025-05-11 13:54:27 UTC
22,Rocket Yoga Teacher Training,8,NLL,2025-05-11 13:54:27 UTC,2025-05-11 13:54:27 UTC
21,Pranayama Teacher Training,7,DWI,2025-05-11 13:54:27 UTC,2025-05-11 13:54:27 UTC
20,Meditation Teacher Training,5,"",2025-05-11 13:54:27 UTC,2025-05-11 13:54:27 UTC
19,Yoga Nidra Teacher Training,5,"",2025-05-11 13:54:27 UTC,2025-05-11 13:54:27 UTC
18,Ayurveda Teacher Training,5,ALA,2025-05-11 13:54:27 UTC,2025-05-11 13:54:27 UTC
17,Restorative Yoga Teacher Training,4,MES,2025-05-11 13:54:27 UTC,2025-05-11 13:54:27 UTC
16,Trauma Informed Yoga Teacher Training,4,MHK,2025-05-11 13:54:27 UTC,2025-05-11 13:54:27 UTC
15,Adaptive Yoga Teacher Training,4,TKT,2025-05-11 13:54:27 UTC,2025-05-11 13:54:27 UTC
14,Senior Yoga Teacher Training,4,MGD,2025-05-11 13:54:27 UTC,2025-05-11 13:54:27 UTC
13,Childrens Yoga Teacher Training,4,JPA,2025-05-11 13:54:27 UTC,2025-05-11 13:54:27 UTC
12,Special Needs Yoga Teacher Training,4,SGA,2025-05-11 13:54:27 UTC,2025-05-11 13:54:27 UTC
11,Accessible Yoga Teacher Training,2,MOK,2025-05-11 13:54:27 UTC,2025-05-11 13:54:27 UTC
10,Curvy Yoga Teacher Training,2,YDL,2025-05-11 13:54:27 UTC,2025-05-11 13:54:27 UTC
9,Prenatal and Postnatal Yoga Teacher Training,2,SAL,2025-05-11 13:54:27 UTC,2025-05-11 13:54:27 UTC
8,Yoga for Fertility Teacher Training,2,MDY,2025-05-11 13:54:27 UTC,2025-05-11 13:54:27 UTC
7,Partner Yoga Teacher Training,2,SNF,2025-05-11 13:54:27 UTC,2025-05-11 13:54:27 UTC
6,Aerial Yoga Teacher Training,6,DMT,2025-05-11 13:54:27 UTC,2025-05-11 13:54:27 UTC
5,Wall Rope Yoga Teacher Training,6,NTM,2025-05-11 13:54:27 UTC,2025-05-11 13:54:27 UTC
4,Chair Yoga Teacher Training,6,KPT,2025-05-11 13:54:27 UTC,2025-05-11 13:54:27 UTC
1,Sculpt Yoga Teacher Training,6,TGN,2025-05-11 13:54:27 UTC,2025-05-11 13:54:27 UTC